title,price,category,shop,height,width,depth
Шкаф медицинский ПРАКТИК HILFE MD 1 ШМ-SS (11-50),"
Под заказ
",Медицинская мебель,4,1920,500.0,500.0
Шкаф медицинский ПРАКТИК HILFE MD 1 1760 R,"
Под заказ
",Медицинская мебель,4,1850,600.0,400.0
Шкаф медицинский ПРАКТИК HILFE MD 1 1760 R1,"
Под заказ
",Медицинская мебель,4,1850,600.0,400.0
Шкаф медицинский ПРАКТИК MED 2 1780/SG,"
Под заказ
",Медицинская мебель,4,1850,800.0,400.0
Шкаф медицинский ПРАКТИК HILFE MD 2 ШМ-SS (21-50),"
Под заказ
",Медицинская мебель,4,1900,600.0,500.0
Шкаф медицинский ШМ 1-2М А1,"
Под заказ
",Медицинская мебель,4,1760,500.0,300.0
Шкаф медицинский ШМ 1-2 М,"
Под заказ
",Медицинская мебель,4,1605,435.0,400.0
Шкаф медицинский ШМ 1-2Т (0.8),"
Под заказ
",Медицинская мебель,4,1605,450.0,400.0
Шкаф медицинский ШМ 1-2А2,"
Под заказ
",Медицинская мебель,4,1860,600.0,400.0
Шкаф медицинский ШМ 1-2ВМ,"
Под заказ
",Медицинская мебель,4,1785,435.0,400.0
Шкаф медицинский ШМ 1-1,"
Под заказ
",Медицинская мебель,4,1605,435.0,400.0
Шкаф медицинский ШМ 1-2,"
Под заказ
",Медицинская мебель,4,1605,435.0,400.0
Шкаф медицинский ШМ 1-2 МЯ,"
Под заказ
",Медицинская мебель,4,1605,435.0,400.0
Шкаф медицинский ШМ 1-2 Я,"
Под заказ
",Медицинская мебель,4,1605,435.0,400.0
Шкаф медицинский ПРАКТИК MED 1 1650/SG,"
 16 509 руб.
",Медицинская мебель,4,1755,500.0,320.0
Шкаф медицинский ПРАКТИК MED 1 1650/SS,"
 16 509 руб.
",Медицинская мебель,4,1755,500.0,320.0
Шкаф медицинский ПРАКТИК MED 1 1657/SS,"
 16 958 руб.
",Медицинская мебель,4,1755,570.0,320.0
Шкаф медицинский ПРАКТИК MED 1 1657/SG,"
 16 958 руб.
",Медицинская мебель,4,1755,570.0,320.0
Шкаф медицинский ПРАКТИК MED 2 1670/SG,"
 17 927 руб.
",Медицинская мебель,4,1755,700.0,320.0
Шкаф медицинский ПРАКТИК MED 2 1670/SS,"
 17 927 руб.
",Медицинская мебель,4,1755,700.0,320.0
Шкаф медицинский ПРАКТИК MED 1 1760/SS,"
 20 589 руб.
",Медицинская мебель,4,1850,600.0,400.0
Шкаф медицинский ПРАКТИК MED 1 1760/SG,"
 20 589 руб.
",Медицинская мебель,4,1850,600.0,400.0
Шкаф медицинский ПРАКТИК MED 2 1780/SS,"
 22 486 руб.
",Медицинская мебель,4,1850,800.0,400.0
Шкаф медицинский ПРАКТИК HILFE MD 1 ШМ-SS (11-50),"
Под заказ
",Медицинская мебель,4,1920,500.0,500.0
Шкаф медицинский ПРАКТИК HILFE MD 1 1760 R,"
Под заказ
",Медицинская мебель,4,1850,600.0,400.0
Шкаф медицинский ПРАКТИК HILFE MD 1 1760 R1,"
Под заказ
",Медицинская мебель,4,1850,600.0,400.0
Шкаф медицинский ПРАКТИК MED 2 1780/SG,"
Под заказ
",Медицинская мебель,4,1850,800.0,400.0
Шкаф медицинский ПРАКТИК HILFE MD 2 ШМ-SS (21-50),"
Под заказ
",Медицинская мебель,4,1900,600.0,500.0
Шкаф медицинский ШМ 1-2М А1,"
Под заказ
",Медицинская мебель,4,1760,500.0,300.0
Шкаф медицинский ШМ 1-2 М,"
Под заказ
",Медицинская мебель,4,1605,435.0,400.0
Шкаф медицинский ШМ 1-2Т (0.8),"
Под заказ
",Медицинская мебель,4,1605,450.0,400.0
Шкаф медицинский ШМ 1-2А2,"
Под заказ
",Медицинская мебель,4,1860,600.0,400.0
Шкаф медицинский ШМ 1-2ВМ,"
Под заказ
",Медицинская мебель,4,1785,435.0,400.0
Шкаф медицинский ШМ 1-1,"
Под заказ
",Медицинская мебель,4,1605,435.0,400.0
Шкаф медицинский ШМ 1-2,"
Под заказ
",Медицинская мебель,4,1605,435.0,400.0
Шкаф медицинский ШМ 1-2 МЯ,"
Под заказ
",Медицинская мебель,4,1605,435.0,400.0
Шкаф медицинский ШМ 1-2 Я,"
Под заказ
",Медицинская мебель,4,1605,435.0,400.0
Шкаф медицинский ПРАКТИК MED 1 1650/SG,"
 16 509 руб.
",Медицинская мебель,4,1755,500.0,320.0
Шкаф медицинский ПРАКТИК MED 1 1650/SS,"
 16 509 руб.
",Медицинская мебель,4,1755,500.0,320.0
Шкаф медицинский ПРАКТИК MED 1 1657/SS,"
 16 958 руб.
",Медицинская мебель,4,1755,570.0,320.0
Шкаф медицинский ПРАКТИК MED 1 1657/SG,"
 16 958 руб.
",Медицинская мебель,4,1755,570.0,320.0
Шкаф медицинский ПРАКТИК MED 2 1670/SG,"
 17 927 руб.
",Медицинская мебель,4,1755,700.0,320.0
Шкаф медицинский ПРАКТИК MED 2 1670/SS,"
 17 927 руб.
",Медицинская мебель,4,1755,700.0,320.0
Шкаф медицинский ПРАКТИК MED 1 1760/SS,"
 20 589 руб.
",Медицинская мебель,4,1850,600.0,400.0
Шкаф медицинский ПРАКТИК MED 1 1760/SG,"
 20 589 руб.
",Медицинская мебель,4,1850,600.0,400.0
Шкаф медицинский ПРАКТИК MED 2 1780/SS,"
 22 486 руб.
",Медицинская мебель,4,1850,800.0,400.0
Столик СП-02М,"
Под заказ
",Медицинская мебель,4,875,960.0,450.0
Столик СП-02ДН,"
Под заказ
",Медицинская мебель,4,875,760.0,410.0
Столик СП-02Н,"
Под заказ
",Медицинская мебель,4,875,760.0,410.0
Столик СП-02У,"
Под заказ
",Медицинская мебель,4,875,760.0,410.0
Столик для перевозки биксов СП-01БН,"
Под заказ
",Медицинская мебель,4,840,810.0,410.0
Столик для перевозки биксов СП-01Б,"
Под заказ
",Медицинская мебель,4,840,810.0,410.0
Столик процедурный СП-02-7НН,"
Под заказ
",Медицинская мебель,4,875,740.0,410.0
Столик инструментальный СП-02-2 НН,"
Под заказ
",Медицинская мебель,4,860,790.0,450.0
Столик процедурный СП-02-6,"
Под заказ
",Медицинская мебель,4,930,800.0,570.0
Столик процедурный СП-02-4,"
Под заказ
",Медицинская мебель,4,950,875.0,455.0
Столик процедурный СП-02-9 Р,"
Под заказ
",Медицинская мебель,4,800,930.0,570.0
Столик процедурный ГУСЬ СП-01ГН4.В,"
Под заказ
",Медицинская мебель,4,900-1320,600.0,400.0
Столик процедурный СП-02-7Н,"
Под заказ
",Медицинская мебель,4,875,740.0,410.0
Столик процедурный СП-02-5Н,"
Под заказ
",Медицинская мебель,4,800,700.0,430.0
Столик для раскладки лекарств СП-01-2М,"
Под заказ
",Медицинская мебель,4,810,805.0,400.0
Столик процедурный СП-02-3,"
Под заказ
",Медицинская мебель,4,875,500.0,450.0
Столик процедурный СП-01Н,"
Под заказ
",Медицинская мебель,4,800,685.0,385.0
Столик процедурный СП-02-7,"
Под заказ
",Медицинская мебель,4,875,740.0,410.0
Столик процедурный СП-02-5,"
Под заказ
",Медицинская мебель,4,875,700.0,430.0
Столик процедурный СП-01-3Н,"
Под заказ
",Медицинская мебель,4,800,665.0,385.0
Столик процедурный СП-01-2К,"
Под заказ
",Медицинская мебель,4,810,805.0,400.0
Столик процедурный ГУСЬ СП-01ГН,"
Под заказ
",Медицинская мебель,4,770-1100,655.0,430.0
Столик процедурный СП-01-4,"
Под заказ
",Медицинская мебель,4,800,685.0,385.0
Столик процедурный СП-01,"
Под заказ
",Медицинская мебель,4,800,700.0,420.0
Столик процедурный СП-01-3C,"
Под заказ
",Медицинская мебель,4,800,700.0,400.0
Столик процедурный СП-01-3,"
Под заказ
",Медицинская мебель,4,800,700.0,400.0
Столик процедурный СП-01-2НC,"
Под заказ
",Медицинская мебель,4,800,665.0,385.0
Столик процедурный ГУСЬ СП-01Г,"
Под заказ
",Медицинская мебель,4,770-1100,655.0,430.0
Столик процедурный СП-01-2C,"
Под заказ
",Медицинская мебель,4,800,665.0,385.0
Стол манипуляционный МД SM N,"
 6 380 руб.
",Медицинская мебель,4,710/720,680.0,440.0
Стол процедурный МД SP 2G,"
 8 563 руб.
",Медицинская мебель,4,940,600.0,470.0
Стол медицинский процедурный МД SP N,"
 10 134 руб.
",Медицинская мебель,4,790/1150,700.0,410.0
Стол процедурный МД SP 3G,"
 10 450 руб.
",Медицинская мебель,4,940,600.0,470.0
Стол процедурный МД SP 2N,"
 11 745 руб.
",Медицинская мебель,4,940,600.0,470.0
Столик стоматолога СС-1-6,"
Под заказ
",Медицинская мебель,4,880,630.0,390.0
Столик стоматолога СС-1-5,"
Под заказ
",Медицинская мебель,4,880,510.0,510.0
Столик стоматолога СС-1,"
Под заказ
",Медицинская мебель,4,990,640.0,485.0
Стол процедурный МД SP 3N,"
 15 856 руб.
",Медицинская мебель,4,940,600.0,470.0
Стол манипуляционный МД SM 1,"
 17 304 руб.
",Медицинская мебель,4,940,600.0,470.0
Стол манипуляционный МД SM 2,"
 26 219 руб.
",Медицинская мебель,4,940,600.0,470.0
Стол манипуляционный МД SM 6,"
 36 929 руб.
",Медицинская мебель,4,940,600.0,470.0
Стол манипуляционный СМ-01,"
Под заказ
",Медицинская мебель,4,970,870.0,620.0
Стол палатный MW TW-16 БЕЛОЕ ДЕРЕВО,"
Под заказ
",Медицинская мебель,4,741,850.0,750.0
Стол палатный MW TW-25 БЕЛОЕ ДЕРЕВО,"
Под заказ
",Медицинская мебель,4,750,850.0,750.0
Стол палатный MW TW-16 ГОЛУБОЙ,"
Под заказ
",Медицинская мебель,4,741,850.0,750.0
Стол палатный MW TW-16 БЕЛЫЙ,"
Под заказ
",Медицинская мебель,4,741,850.0,750.0
Стол производственный с решетчатой полкой и бортом,"
 7 956 руб.
9 360 руб.",Медицинская мебель,4,860,1500.0,600.0
Стол медицинский СМ 1-1С,"
Под заказ
",Медицинская мебель,4,740,1100.0,600.0
Стол однотумбовый СК8 - 3Б,"
Под заказ
",Медицинская мебель,4,850,1200.0,600.0
Стол однотумбовый СМ-1,"
Под заказ
",Медицинская мебель,4,750,1100.0,600.0
Кровать медицинская КМ-09,"
Под заказ
",Медицинская мебель,4,840,900.0,
"Матрац медицинский с чехлом, пенополиуретан","
Под заказ
",Медицинская мебель,4,100,900.0,
Кровать функциональная КМ-04,"
Под заказ
",Медицинская мебель,4,905,890.0,
Кровать медицинская КМ-01,"
Под заказ
",Медицинская мебель,4,900,840.0,
Кровать медицинская КОМ 01-6,"
Под заказ
",Медицинская мебель,4,800,800.0,
Кровать медицинская КОМ 01-3,"
Под заказ
",Медицинская мебель,4,800,800.0,
Кровать медицинская КОМ 02,"
Под заказ
",Медицинская мебель,4,800,800.0,
Кровать медицинская КОМ 02-1,"
Под заказ
",Медицинская мебель,4,800,800.0,
Кровать медицинская КОМ 02-2,"
Под заказ
",Медицинская мебель,4,800,800.0,
Кровать медицинская КМ-10,"
 23 435 руб.
",Медицинская мебель,4,840,900.0,
Кровать медицинская КМ-06,"
 34 757 руб.
",Медицинская мебель,4,935,2220.0,956.0
Кровать медицинская КМ-03,"
 41 693 руб.
",Медицинская мебель,4,900,840.0,
Кровать медицинская КМ-02,"
 64 847 руб.
",Медицинская мебель,4,935,2220.0,956.0
Кровать медицинская КМ-15,"
Под заказ
",Медицинская мебель,4,956/1017,2170.0,2170.0
Кровать функциональная КМ-17 (электропривод),"
Под заказ
",Медицинская мебель,4,956/1017,2170.0,2170.0
Кровать функциональная КМ-07,"
Под заказ
",Медицинская мебель,4,956,2220.0,935.0
Кровать функциональная КМ-05,"
Под заказ
",Медицинская мебель,4,956,2220.0,935.0
Кровать медицинская КМ-09,"
Под заказ
",Медицинская мебель,4,840,900.0,
"Матрац медицинский с чехлом, пенополиуретан","
Под заказ
",Медицинская мебель,4,100,900.0,
Кровать функциональная КМ-04,"
Под заказ
",Медицинская мебель,4,905,890.0,
Кровать медицинская КМ-01,"
Под заказ
",Медицинская мебель,4,900,840.0,
Кровать медицинская КОМ 01-6,"
Под заказ
",Медицинская мебель,4,800,800.0,
Кровать медицинская КОМ 01-3,"
Под заказ
",Медицинская мебель,4,800,800.0,
Кровать медицинская КОМ 02,"
Под заказ
",Медицинская мебель,4,800,800.0,
Кровать медицинская КОМ 02-1,"
Под заказ
",Медицинская мебель,4,800,800.0,
Кровать медицинская КОМ 02-2,"
Под заказ
",Медицинская мебель,4,800,800.0,
Кровать медицинская КМ-10,"
 23 435 руб.
",Медицинская мебель,4,840,900.0,
Кровать медицинская КМ-06,"
 34 757 руб.
",Медицинская мебель,4,935,2220.0,956.0
Кровать медицинская КМ-03,"
 41 693 руб.
",Медицинская мебель,4,900,840.0,
Кровать медицинская КМ-02,"
 64 847 руб.
",Медицинская мебель,4,935,2220.0,956.0
Кровать медицинская КМ-15,"
Под заказ
",Медицинская мебель,4,956/1017,2170.0,2170.0
Кровать функциональная КМ-17 (электропривод),"
Под заказ
",Медицинская мебель,4,956/1017,2170.0,2170.0
Кровать функциональная КМ-07,"
Под заказ
",Медицинская мебель,4,956,2220.0,935.0
Кровать функциональная КМ-05,"
Под заказ
",Медицинская мебель,4,956,2220.0,935.0
"АКЦИЯ! Стеллаж  для заготовок 1500*700*300 мм, 4 полки","
 2 900 руб.
",Металлическая мебель (Стеллажи),4,1500.0,700.0,300.0
"Стеллаж металлический 1000*700*300 мм, 3 полки","
 3 592 руб.
",Металлическая мебель (Стеллажи),4,1000.0,700.0,300.0
"Стеллаж металлический 2000*1000*400 мм, 5 полок","
 7 159 руб.
",Металлическая мебель (Стеллажи),4,2000.0,1000.0,400.0
"Стеллаж металлический 2200*1000*500 мм, 5 полок","
 8 257 руб.
",Металлическая мебель (Стеллажи),4,2200.0,1000.0,500.0
"Стеллаж металлический 1800*1200*500 мм, 4 полки","
 8 612 руб.
",Металлическая мебель (Стеллажи),4,1800.0,1200.0,500.0
"Стеллаж металлический 1800*700*300 мм, 3 полки","
 4 056 руб.
",Металлическая мебель (Стеллажи),4,1850.0,700.0,300.0
"Стеллаж металлический 2000*700*400 мм, 3 полки","
 4 561 руб.
",Металлическая мебель (Стеллажи),4,2000.0,700.0,400.0
"Стеллаж металлический 2200*1000*400 мм, 4 полки","
 6 460 руб.
",Металлическая мебель (Стеллажи),4,2200.0,1000.0,400.0
"Стеллаж металлический 2000*1200*300 мм, 5 полок","
 8 039 руб.
",Металлическая мебель (Стеллажи),4,2000.0,1200.0,300.0
"Стеллаж металлический 2500*1200*400 мм, 6 полок","
 10 826 руб.
",Металлическая мебель (Стеллажи),4,2550.0,1200.0,400.0
"Стеллаж металлический 3000*1500*400 мм, 6 полок","
 13 776 руб.
",Металлическая мебель (Стеллажи),4,3000.0,1500.0,400.0
Тележка инструментальная GARAGE BIG,"
Под заказ
",Металлическая мебель (Стеллажи),4,1930.0,722.0,515.0
"Дополнительная секция грузового стеллажа 2500*1500*600, 5 полок","
Под заказ
",Металлическая мебель (Стеллажи),4,2500.0,1500.0,600.0
"Дополнительная секция грузового стеллажа 2000*1800*600, 4 полки","
Под заказ
",Металлическая мебель (Стеллажи),4,2000.0,1800.0,600.0
"Стеллаж грузовой 2000*1800*600, 4 полки","
Под заказ
",Металлическая мебель (Стеллажи),4,2000.0,1800.0,600.0
"Стеллаж грузовой 2500*1500*600, 5 полок","
Под заказ
",Металлическая мебель (Стеллажи),4,2500.0,1500.0,600.0
"Дополнительная секция грузового стеллажа 3000*1500*800, 5 полок","
Под заказ
",Металлическая мебель (Стеллажи),4,3000.0,1500.0,800.0
"Стеллаж грузовой 3000*1500*800, 5 полок","
Под заказ
",Металлическая мебель (Стеллажи),4,3000.0,1500.0,800.0
"Паллетный стеллаж, 2000*1050*5400 мм","
Под заказ
",Металлическая мебель (Стеллажи),4,2000.0,5400.0,1050.0
"Паллетный стеллаж, 2000*1050*2700 мм","
Под заказ
",Металлическая мебель (Стеллажи),4,2000.0,2700.0,1050.0
СТЕЛЛАЖ ES 75KD/75X30/3,"
 1 836 руб.
",Металлическая мебель (Стеллажи),4,753.0,750.0,300.0
СТЕЛЛАЖ ES 150KD/75Х30/4,"
 3 060 руб.
",Металлическая мебель (Стеллажи),4,1453.0,750.0,300.0
СТЕЛЛАЖ MS U 200/70X30/3 (НАГРУЗКА НА ПОЛКУ 200),"
 8 782 руб.
",Металлическая мебель (Стеллажи),4,2000.0,700.0,300.0
СТЕЛЛАЖ MS U 200/100X40/3 (НАГРУЗКА НА ПОЛКУ 300),"
 11 485 руб.
",Металлическая мебель (Стеллажи),4,2000.0,1000.0,400.0
СТЕЛЛАЖ MS U 250/100X50/4 (НАГРУЗКА НА ПОЛКУ 400),"
 18 544 руб.
",Металлическая мебель (Стеллажи),4,2500.0,1000.0,500.0
СТЕЛЛАЖ MS U 250/120X60/4 (НАГРУЗКА НА ПОЛКУ 350),"
 21 277 руб.
",Металлическая мебель (Стеллажи),4,2500.0,1200.0,600.0
СТЕЛЛАЖ MS U 300/150X100/5 (НАГРУЗКА НА ПОЛКУ 300),"
 40 351 руб.
",Металлическая мебель (Стеллажи),4,3000.0,1500.0,1000.0
СТЕЛЛАЖ MS U 300/150X90/5 (НАГРУЗКА НА ПОЛКУ 250),"
 36 394 руб.
",Металлическая мебель (Стеллажи),4,3000.0,1500.0,900.0
СТЕЛЛАЖ SB 200X152X61/3,"
 15 802 руб.
",Металлическая мебель (Стеллажи),4,2000.0,1525.0,610.0
СТЕЛЛАЖ SB 200X152X51/4,"
 18 034 руб.
",Металлическая мебель (Стеллажи),4,2000.0,1525.0,508.0
СТЕЛЛАЖ SB 200X183X51/4,"
 23 215 руб.
",Металлическая мебель (Стеллажи),4,2000.0,1830.0,508.0
СТЕЛЛАЖ SB 300X152X76/5,"
 29 106 руб.
",Металлическая мебель (Стеллажи),4,3000.0,1525.0,760.0
СТЕЛЛАЖ SB 300X183X61/6,"
 36 520 руб.
",Металлическая мебель (Стеллажи),4,3000.0,1830.0,610.0
СТЕЛЛАЖ SBL 180KD/75X35/5,"
 6 314 руб.
",Металлическая мебель (Стеллажи),4,1803.0,750.0,350.0
СТЕЛЛАЖ SBL 180KD/90X40/5,"
 6 865 руб.
",Металлическая мебель (Стеллажи),4,1803.0,900.0,400.0
СТЕЛЛАЖ SBL 180KD/90X45/5,"
 7 538 руб.
",Металлическая мебель (Стеллажи),4,1803.0,900.0,450.0
Стеллаж Скандинавия 14 (белый),"
 4 200 руб.
",Металлическая мебель (Стеллажи),4,1470.0,4500.0,385.0
Стеллаж Скандинавия 14 (черный),"
 4 200 руб.
",Металлическая мебель (Стеллажи),4,1470.0,4500.0,385.0
Стеллаж Скандинавия 24 (белый),"
 4 720 руб.
",Металлическая мебель (Стеллажи),4,1470.0,6500.0,385.0
Стеллаж Скандинавия 24 (черный),"
 4 720 руб.
",Металлическая мебель (Стеллажи),4,1470.0,6500.0,385.0
Стеллаж Валенсия 14 (черный),"
 2 750 руб.
",Металлическая мебель (Стеллажи),4,1205.0,455.0,300.0
Стеллаж Валенсия 13 (черный),"
 2 280 руб.
",Металлическая мебель (Стеллажи),4,855.0,455.0,300.0
Лоток складской пластиковый 12.401,"
 120 руб.
",Металлическая мебель (Стеллажи),4,75.0,100.0,
Лоток складской пластиковый 12.402,"
 230 руб.
",Металлическая мебель (Стеллажи),4,130.0,150.0,
Лоток складской пластиковый 12.412,"
 460 руб.
",Металлическая мебель (Стеллажи),4,150.0,225.0,
Лоток складской пластиковый 12.403,"
 465 руб.
",Металлическая мебель (Стеллажи),4,150.0,225.0,
Лоток складской пластиковый 12.414,"
 590 руб.
",Металлическая мебель (Стеллажи),4,150.0,225.0,
Лоток складской пластиковый 12.406,"
 600 руб.
",Металлическая мебель (Стеллажи),4,200.0,300.0,
Лоток складской пластиковый 12.404,"
 610 руб.
",Металлическая мебель (Стеллажи),4,200.0,225.0,
Лоток складской пластиковый 12.405,"
 630 руб.
",Металлическая мебель (Стеллажи),4,150.0,225.0,
Лоток складской пластиковый 12.407,"
 860 руб.
",Металлическая мебель (Стеллажи),4,250.0,300.0,
"Стеллаж для склада, 1600*1000*400 мм, 3 полки","
 4 785 руб.
",Металлическая мебель (Стеллажи),4,1600.0,1000.0,400.0
"Стеллаж складской 1850*1000*300 мм, 4 полки","
 5 224 руб.
",Металлическая мебель (Стеллажи),4,1850.0,1000.0,300.0
"Стеллаж складской 2000*700*400 мм, 4 полки","
 5 340 руб.
",Металлическая мебель (Стеллажи),4,2000.0,700.0,400.0
"Стеллаж складской 2000*1000*300 мм, 4 полки","
 5 480 руб.
",Металлическая мебель (Стеллажи),4,2000.0,1000.0,300.0
"Стеллаж складской 2000*1000*400 мм, 4 полки","
 6 172 руб.
",Металлическая мебель (Стеллажи),4,2000.0,1000.0,400.0
"Стеллаж складской 2000*1000*300 мм, 5 полок","
 6 294 руб.
",Металлическая мебель (Стеллажи),4,2000.0,1000.0,300.0
"Стеллаж складской 2200*1000*400 мм, 4 полки","
 6 460 руб.
",Металлическая мебель (Стеллажи),4,2200.0,1000.0,400.0
"Стеллаж складской 1800*1000*400 мм, 5 полок","
 6 999 руб.
",Металлическая мебель (Стеллажи),4,1800.0,1000.0,400.0
"Стеллаж складской 2200*1000*500 мм, 4 полки","
 7 108 руб.
",Металлическая мебель (Стеллажи),4,2200.0,1000.0,500.0
"Стеллаж складской 2500*1000*300 мм, 6 полок","
 7 664 руб.
",Металлическая мебель (Стеллажи),4,2500.0,1000.0,300.0
"Стеллаж складской 2500*1000*400 мм, 6 полок","
 8 702 руб.
",Металлическая мебель (Стеллажи),4,2500.0,1000.0,400.0
"Стеллаж складской 2000*1200*400 мм, 5 полок","
 8 929 руб.
",Металлическая мебель (Стеллажи),4,2000.0,1200.0,400.0
"Стеллаж складской 2000*1200*500 мм, 5 полок","
 10 409 руб.
",Металлическая мебель (Стеллажи),4,2000.0,1200.0,500.0
"Стеллаж для склада 1500*1400*300 мм, 2 секции, 8 полок","
 8 024 руб.
",Металлическая мебель (Стеллажи),4,1500.0,1400.0,300.0
"Стеллаж складской 1850*2000*400 мм, 8 полок, 2 секции","
 10 848 руб.
",Металлическая мебель (Стеллажи),4,1850.0,2000.0,400.0
"Стеллаж для склада 2000*2000*500 мм, 2 секции, 10 полок","
 14 826 руб.
",Металлическая мебель (Стеллажи),4,2000.0,2000.0,500.0
"Стеллаж для склада 2200*2400*400 мм, 10 полок, 2 секции","
 17 178 руб.
",Металлическая мебель (Стеллажи),4,2200.0,2400.0,400.0
"Стеллаж для склада 2200*2400*300 мм, 12 полок, 2 секции","
 17 724 руб.
",Металлическая мебель (Стеллажи),4,2200.0,2400.0,300.0
"Стеллаж для склада 2350*2400*500 мм, 12 полок, 2 секции","
 23 400 руб.
",Металлическая мебель (Стеллажи),4,2350.0,2400.0,500.0
"Стеллаж для склада 2200*3000*400 мм, 15 полок, 3 секции","
 19 829 руб.
",Металлическая мебель (Стеллажи),4,2200.0,3000.0,400.0
"Стеллаж для склада 2000*3600*400 мм, 12 полок, 3 секции","
 20 540 руб.
",Металлическая мебель (Стеллажи),4,2000.0,3600.0,400.0
"Стеллаж для склада 2500*4500*300 мм, 15 полок, 3 секции","
 27 595 руб.
",Металлическая мебель (Стеллажи),4,2500.0,4500.0,300.0
"Стеллаж для склада 2300*4500*500 мм, 12 полок, 3 секции","
 29 524 руб.
",Металлическая мебель (Стеллажи),4,2300.0,4500.0,500.0
Бухгалтерский шкаф SL-32,"
 6 084 руб.
",Металлическая мебель (Шкафы),4,320.0,420.0,350.0
Бухгалтерский шкаф SL-32Т,"
 6 717 руб.
",Металлическая мебель (Шкафы),4,320.0,450.0,320.0
Бухгалтерский шкаф SL-87T,"
 10 776 руб.
",Металлическая мебель (Шкафы),4,870.0,760.0,340.0
Бухгалтерский шкаф SL-87Т EL,"
 12 306 руб.
",Металлическая мебель (Шкафы),4,870.0,460.0,340.0
Бухгалтерский шкаф SL-125Т,"
 12 867 руб.
",Металлическая мебель (Шкафы),4,1252.0,460.0,340.0
Бухгалтерский шкаф SL-125Т EL,"
 14 397 руб.
",Металлическая мебель (Шкафы),4,1252.0,460.0,340.0
Бухгалтерский шкаф SL-125/2Т,"
 15 560 руб.
",Металлическая мебель (Шкафы),4,1252.0,460.0,340.0
Бухгалтерский шкаф SL-150T,"
 16 346 руб.
",Металлическая мебель (Шкафы),4,1490.0,460.0,340.0
Бухгалтерский шкаф SL-185,"
 18 437 руб.
",Металлическая мебель (Шкафы),4,1800.0,460.0,340.0
Бухгалтерский шкаф SL-185/2,"
 34 685 руб.
",Металлическая мебель (Шкафы),4,1800.0,920.0,340.0
Бухгалтерский шкаф SL-65Т,"
 8 930 руб.
",Металлическая мебель (Шкафы),4,630.0,460.0,340.0
Бухгалтерский шкаф SL-65Т EL,"
 10 460 руб.
",Металлическая мебель (Шкафы),4,630.0,460.0,340.0
Бухгалтерский шкаф SL-150T-EL/2,"
 16 346 руб.
",Металлическая мебель (Шкафы),4,1490.0,460.0,340.0
Шкаф для офиса AM 1891/2U,"
Под заказ
",Металлическая мебель (Шкафы),4,1830.0,915.0,458.0
Шкаф усиленный VALBERG BM-1993KL,"
Под заказ
",Металлическая мебель (Шкафы),4,1950.0,930.0,420.0
Шкаф усиленный VALBERG BM-1260KL,"
Под заказ
",Металлическая мебель (Шкафы),4,1220.0,600.0,420.0
Офисный шкаф AM 1845/4,"
Под заказ
",Металлическая мебель (Шкафы),4,1830.0,472.0,458.0
Архивный шкаф ШАМ-12/680,"
 6 763 руб.
",Металлическая мебель (Шкафы),4,680.0,425.0,500.0
Архивный шкаф - ШАМ-12,"
 13 162 руб.
",Металлическая мебель (Шкафы),4,1860.0,425.0,500.0
Шкаф офисный ПРАКТИК CB-13,"
 14 423 руб.
",Металлическая мебель (Шкафы),4,930.0,850.0,500.0
Офисный шкаф AM 0891,"
 15 035 руб.
",Металлическая мебель (Шкафы),4,832.0,915.0,458.0
Офисный шкаф AM 1845,"
 16 152 руб.
",Металлическая мебель (Шкафы),4,1830.0,472.0,458.0
Архивный шкаф ШАМ-11/400,"
 16 843 руб.
",Металлическая мебель (Шкафы),4,1860.0,850.0,400.0
Архивный шкаф - ШАМ-11,"
 18 658 руб.
",Металлическая мебель (Шкафы),4,1860.0,850.0,500.0
Шкаф офисный ПРАКТИК CB-12,"
 19 288 руб.
",Металлическая мебель (Шкафы),4,1860.0,850.0,400.0
Офисный шкаф ПРАКТИК M-18,"
 19 696 руб.
",Металлическая мебель (Шкафы),4,1830.0,915.0,370.0
Шкаф офисный ПРАКТИК CB-14,"
 21 481 руб.
",Металлическая мебель (Шкафы),4,1860.0,850.0,500.0
Шкаф для офиса AMT 0891,"
 22 379 руб.
",Металлическая мебель (Шкафы),4,832.0,915.0,458.0
Офисный шкаф AM 1891,"
 22 399 руб.
",Металлическая мебель (Шкафы),4,1830.0,915.0,458.0
Архивный шкаф ШАМ-11.К,"
 26 317 руб.
",Металлическая мебель (Шкафы),4,1860.0,960.0,450.0
Офисный шкаф AM 2091,"
 27 540 руб.
",Металлическая мебель (Шкафы),4,1996.0,915.0,458.0
Шкаф офисный ПРАКТИК CB-15,"
 27 540 руб.
",Металлическая мебель (Шкафы),4,2000.0,850.0,500.0
Шкаф для офиса АМТ 0812,"
 29 335 руб.
",Металлическая мебель (Шкафы),4,832.0,1215.0,458.0
Шкаф офисный ПРАКТИК CB-22,"
 30 161 руб.
",Металлическая мебель (Шкафы),4,1900.0,1000.0,500.0
Шкаф для офиса AMT 1891,"
 32 640 руб.
",Металлическая мебель (Шкафы),4,1830.0,915.0,458.0
Офисный шкаф AMT 1812,"
 43 207 руб.
",Металлическая мебель (Шкафы),4,1830.0,1215.0,458.0
Офисный шкаф VALBERG AMH 1891,"
 75 781 руб.
",Металлическая мебель (Шкафы),4,1830.0,921.0,460.0
"Архивный шкаф - ШАМ-0,5","
Под заказ
",Металлическая мебель (Шкафы),4,930.0,850.0,500.0
Многоящичный шкаф МДC-A3/650/4 (под заказ),"
Под заказ
",Металлическая мебель (Шкафы),4,650.0,347.0,546.0
Многоящичный шкаф МДC-A4/910/15 (под заказ),"
Под заказ
",Металлическая мебель (Шкафы),4,910.0,347.0,546.0
Многоящичный шкаф МДC-A4/910/9 (под заказ),"
Под заказ
",Металлическая мебель (Шкафы),4,910.0,277.0,405.0
Многоящичный шкаф MDC-A3/910/15 (под заказ),"
Под заказ
",Металлическая мебель (Шкафы),4,910.0,277.0,405.0
Многоящичный шкаф МДC-A4/650/10 (под заказ),"
Под заказ
",Металлическая мебель (Шкафы),4,650.0,277.0,405.0
Многоящичный шкаф МДC-A4/315/5 (под заказ),"
Под заказ
",Металлическая мебель (Шкафы),4,314.0,277.0,405.0
Картотека ПРАКТИК AMF 1091/3,"
Под заказ
",Металлическая мебель (Шкафы),4,998.0,915.0,460.0
Картотека А-42,"
 17 753 руб.
",Металлическая мебель (Шкафы),4,685.0,408.0,480.0
Картотека BFC-66/3,"
 18 579 руб.
",Металлическая мебель (Шкафы),4,660.0,480.0,490.0
Картотека AFC-02,"
 19 365 руб.
",Металлическая мебель (Шкафы),4,713.0,467.0,630.0
Картотека А-43,"
 23 547 руб.
",Металлическая мебель (Шкафы),4,995.0,408.0,480.0
Картотека AFC-03,"
 27 933 руб.
",Металлическая мебель (Шкафы),4,1020.0,467.0,630.0
Картотека А-44,"
 29 646 руб.
",Металлическая мебель (Шкафы),4,1305.0,408.0,480.0
Картотека AFC-04,"
 34 461 руб.
",Металлическая мебель (Шкафы),4,1330.0,470.0,630.0
Картотека AFC-05,"
 39 882 руб.
",Металлическая мебель (Шкафы),4,1634.0,467.0,630.0
Картотека AFC-06,"
 41 718 руб.
",Металлическая мебель (Шкафы),4,1327.0,553.0,631.0
Картотека AFC-07,"
 46 206 руб.
",Металлическая мебель (Шкафы),4,1327.0,515.0,631.0
Шкаф большого формата ПРАКТИК A1-05/0,"
Под заказ
",Металлическая мебель (Шкафы),4,415.0,995.0,675.0
Тумба мобильная BFC-70/4,"
Под заказ
",Металлическая мебель (Шкафы),4,710.0,480.0,490.0
Тумба мобильная BA4-65/3 (AP-2),"
Под заказ
",Металлическая мебель (Шкафы),4,653.0,420.0,494.0
Шкаф большого формата ПРАКТИК A1-05/3,"
 54 366 руб.
",Металлическая мебель (Шкафы),4,465.0,995.0,675.0
Шкаф большого формата ПРАКТИК A1-05/2,"
 54 366 руб.
",Металлическая мебель (Шкафы),4,389.0,995.0,675.0
Шкаф большого формата ПРАКТИК A1-05/1,"
 54 366 руб.
",Металлическая мебель (Шкафы),4,415.0,995.0,675.0
Шкаф большого формата ПРАКТИК А0-05/0,"
 84 864 руб.
",Металлическая мебель (Шкафы),4,465.0,1330.0,920.0
Шкаф большого формата ПРАКТИК А0-05/3,"
 84 864 руб.
",Металлическая мебель (Шкафы),4,465.0,1330.0,920.0
Шкаф большого формата ПРАКТИК А0-05/2,"
 84 864 руб.
",Металлическая мебель (Шкафы),4,389.0,1330.0,920.0
Шкаф большого формата ПРАКТИК А0-05/1,"
 84 864 руб.
",Металлическая мебель (Шкафы),4,415.0,1330.0,920.0
Огнестойкая картотека VALBERG FC 4K-KK,"
 127 888 руб.
",Металлическая мебель (Шкафы),4,1500.0,545.0,653.0
Огнестойкая картотека VALBERG FC 4E-KK,"
 133 987 руб.
",Металлическая мебель (Шкафы),4,1500.0,545.0,653.0
Шкаф инструментальный TC-1095,"
Под заказ
",Металлическая мебель (Шкафы),4,1000.0,950.0,500.0
Шкаф инструментальный TC-1947-000200ГК,"
 20 660 руб.
",Металлическая мебель (Шкафы),4,1900.0,475.0,500.0
Шкаф инструментальный TC-1947-000400,"
 22 415 руб.
",Металлическая мебель (Шкафы),4,1900.0,475.0,500.0
Шкаф инструментальный TC-1947-020300,"
 23 113 руб.
",Металлическая мебель (Шкафы),4,1900.0,475.0,500.0
Шкаф инструментальный ТС 1095-002000,"
 23 883 руб.
",Металлическая мебель (Шкафы),4,1000.0,950.0,500.0
Шкаф инструментальный TC-1947-000201ГК,"
 25 143 руб.
",Металлическая мебель (Шкафы),4,1900.0,475.0,500.0
Шкаф инструментальный TC-1947-020301,"
 27 596 руб.
",Металлическая мебель (Шкафы),4,1900.0,475.0,500.0
Шкаф инструментальный ТС 1095-001010,"
 29 045 руб.
",Металлическая мебель (Шкафы),4,1000.0,950.0,500.0
Шкаф инструментальный TC-1947-000202ГК,"
 29 626 руб.
",Металлическая мебель (Шкафы),4,1900.0,475.0,500.0
Шкаф инструментальный TC-1947-020202,"
 30 962 руб.
",Металлическая мебель (Шкафы),4,1900.0,475.0,500.0
Шкаф инструментальный ТС 1095-021010,"
 31 564 руб.
",Металлическая мебель (Шкафы),4,1000.0,950.0,500.0
Шкаф инструментальный ТС 1095-100302,"
 34 746 руб.
",Металлическая мебель (Шкафы),4,1000.0,950.0,500.0
Шкаф инструментальный TC-1995/2-102200,"
 37 332 руб.
",Металлическая мебель (Шкафы),4,1900.0,950.0,500.0
Шкаф инструментальный ТС 1995-023000,"
 38 648 руб.
",Металлическая мебель (Шкафы),4,1900.0,950.0,500.0
Шкаф инструментальный TС 1095-021020,"
 38 852 руб.
",Металлическая мебель (Шкафы),4,1000.0,950.0,500.0
Шкаф инструментальный TC-1995/2-102400,"
 41 249 руб.
",Металлическая мебель (Шкафы),4,1900.0,950.0,500.0
Шкаф инструментальный ТС 1095-001030,"
 43 620 руб.
",Металлическая мебель (Шкафы),4,1000.0,950.0,500.0
Шкаф инструментальный TC-1947-000305,"
 43 712 руб.
",Металлическая мебель (Шкафы),4,1900.0,475.0,500.0
Шкаф инструментальный TC-1995/2-024010,"
 46 359 руб.
",Металлическая мебель (Шкафы),4,1900.0,950.0,500.0
Шкаф инструментальный ТС 1995-120402,"
 50 184 руб.
",Металлическая мебель (Шкафы),4,1900.0,950.0,500.0
Шкаф инструментальный TC 1995-004020,"
 51 128 руб.
",Металлическая мебель (Шкафы),4,1900.0,950.0,500.0
Шкаф инструментальный ТС 1095-100206,"
 51 561 руб.
",Металлическая мебель (Шкафы),4,1000.0,950.0,500.0
Шкаф инструментальный TC 1995-042020,"
 51 913 руб.
",Металлическая мебель (Шкафы),4,1900.0,950.0,500.0
Шкаф инструментальный ТС 1995-023020,"
 53 224 руб.
",Металлическая мебель (Шкафы),4,1900.0,950.0,500.0
Шкаф инструментальный TC 1995-041030,"
 57 074 руб.
",Металлическая мебель (Шкафы),4,1900.0,950.0,500.0
Шкаф инструментальный ТС 1995-120604,"
 61 384 руб.
",Металлическая мебель (Шкафы),4,1900.0,950.0,500.0
Шкаф инструментальный TC-1995/2-102206,"
 64 229 руб.
",Металлическая мебель (Шкафы),4,1900.0,950.0,500.0
Шкаф инструментальный TC 1995-041040,"
 64 362 руб.
",Металлическая мебель (Шкафы),4,1900.0,950.0,500.0
Шкаф инструментальный TC-1995/2- 022050,"
 64 821 руб.
",Металлическая мебель (Шкафы),4,1900.0,950.0,500.0
Шкаф инструментальный TC-1995/2-102215,"
 68 717 руб.
",Металлическая мебель (Шкафы),4,1900.0,950.0,500.0
Шкаф инструментальный TC-1995/2-121215,"
 69 110 руб.
",Металлическая мебель (Шкафы),4,1900.0,950.0,500.0
Шкаф инструментальный ТС 1995-121215,"
 70 814 руб.
",Металлическая мебель (Шкафы),4,1900.0,950.0,500.0
Шкаф инструментальный TC-1995/2-1020010,"
 81 610 руб.
",Металлическая мебель (Шкафы),4,1900.0,950.0,500.0
Шкаф инструментальный TC-1995/2-1220110,"
 91 418 руб.
",Металлическая мебель (Шкафы),4,1900.0,950.0,500.0
Инструментальный шкаф тяжелый AMH TC-004000,"
 94 529 руб.
",Металлическая мебель (Шкафы),4,920.0,1850.0,460.0
Инструментальный шкаф тяжелый AMH TC-062000,"
 97 665 руб.
",Металлическая мебель (Шкафы),4,920.0,1850.0,460.0
Инструментальный шкаф тяжелый AMH TC-004010,"
 101 949 руб.
",Металлическая мебель (Шкафы),4,920.0,1850.0,460.0
Инструментальный шкаф тяжелый AMH TC-005020,"
 113 730 руб.
",Металлическая мебель (Шкафы),4,920.0,1850.0,460.0
Инструментальный шкаф тяжелый AMH TC-062030,"
 119 927 руб.
",Металлическая мебель (Шкафы),4,920.0,1850.0,460.0
Инструментальный шкаф тяжелый AMH TC-062032,"
 133 748 руб.
",Металлическая мебель (Шкафы),4,920.0,1850.0,460.0
Шкаф медицинский ПРАКТИК HILFE MD 1 ШМ-SS (11-50),"
Под заказ
",Металлическая мебель (Шкафы),4,1920.0,500.0,500.0
Шкаф медицинский ПРАКТИК HILFE MD 1 1760 R,"
Под заказ
",Металлическая мебель (Шкафы),4,1850.0,600.0,400.0
Шкаф медицинский ПРАКТИК HILFE MD 1 1760 R1,"
Под заказ
",Металлическая мебель (Шкафы),4,1850.0,600.0,400.0
Шкаф медицинский ПРАКТИК MED 2 1780/SG,"
Под заказ
",Металлическая мебель (Шкафы),4,1850.0,800.0,400.0
Шкаф медицинский ПРАКТИК HILFE MD 2 ШМ-SS (21-50),"
Под заказ
",Металлическая мебель (Шкафы),4,1900.0,600.0,500.0
Шкаф медицинский ПРАКТИК MED 1 1650/SG,"
 16 509 руб.
",Металлическая мебель (Шкафы),4,1755.0,500.0,320.0
Шкаф медицинский ПРАКТИК MED 1 1650/SS,"
 16 509 руб.
",Металлическая мебель (Шкафы),4,1755.0,500.0,320.0
Шкаф медицинский ПРАКТИК MED 1 1657/SS,"
 16 958 руб.
",Металлическая мебель (Шкафы),4,1755.0,570.0,320.0
Шкаф медицинский ПРАКТИК MED 1 1657/SG,"
 16 958 руб.
",Металлическая мебель (Шкафы),4,1755.0,570.0,320.0
Шкаф медицинский ПРАКТИК MED 2 1670/SG,"
 17 927 руб.
",Металлическая мебель (Шкафы),4,1755.0,700.0,320.0
Шкаф медицинский ПРАКТИК MED 2 1670/SS,"
 17 927 руб.
",Металлическая мебель (Шкафы),4,1755.0,700.0,320.0
Шкаф медицинский ПРАКТИК MED 1 1760/SS,"
 20 589 руб.
",Металлическая мебель (Шкафы),4,1850.0,600.0,400.0
Шкаф медицинский ПРАКТИК MED 1 1760/SG,"
 20 589 руб.
",Металлическая мебель (Шкафы),4,1850.0,600.0,400.0
Шкаф медицинский ПРАКТИК MED 2 1780/SS,"
 22 486 руб.
",Металлическая мебель (Шкафы),4,1850.0,800.0,400.0
Пенальница КЛ-50П,"
Под заказ
",Металлическая мебель (Шкафы),4,650.0,350.0,180.0
Ключница настенная на 1 ключ КЛ-1,"
Под заказ
",Металлическая мебель (Шкафы),4,160.0,120.0,40.0
Пенал для ключей пластмассовый,"
 120 руб.
",Металлическая мебель (Шкафы),4,100.0,40.0,40.0
Пенал для ключей металлический 40х120,"
 310 руб.
",Металлическая мебель (Шкафы),4,120.0,40.0,40.0
Ключница КЛ-20,"
 1 970 руб.
",Металлическая мебель (Шкафы),4,300.0,180.0,50.0
Ключница КЛ-40,"
 2 755 руб.
",Металлическая мебель (Шкафы),4,350.0,300.0,50.0
Пенальница КЛ-30П,"
 2 990 руб.
",Металлическая мебель (Шкафы),4,400.0,350.0,180.0
Ключница КЛ-60,"
 3 380 руб.
",Металлическая мебель (Шкафы),4,400.0,350.0,75.0
Ключница КЛС-30,"
 4 120 руб.
",Металлическая мебель (Шкафы),4,410.0,350.0,55.0
Ключница КЛ-80,"
 4 160 руб.
",Металлическая мебель (Шкафы),4,525.0,350.0,75.0
Ключница КЛ-100,"
 4 825 руб.
",Металлическая мебель (Шкафы),4,650.0,350.0,75.0
Ключница КЛС-40,"
 4 825 руб.
",Металлическая мебель (Шкафы),4,535.0,350.0,55.0
Ключница КЛС-50,"
 5 830 руб.
",Металлическая мебель (Шкафы),4,660.0,350.0,55.0
Пенальница КЛ-40П,"
 8 020 руб.
",Металлическая мебель (Шкафы),4,525.0,350.0,180.0
Опечатывающее устройство под нить ЧАШКА,"
 115 руб.
",Металлическая мебель (Шкафы),4,35.0,35.0,10.0
Приспособление для опечатывания флажкового типа,"
 120 руб.
",Металлическая мебель (Шкафы),4,35.0,100.0,10.0
Опечатывающее устройство штоковое,"
 240 руб.
",Металлическая мебель (Шкафы),4,35.0,100.0,10.0
Опечатывающее устройство флажковое,"
 240 руб.
",Металлическая мебель (Шкафы),4,35.0,100.0,10.0
Устройство для опечатывания замочных скважин,"
 375 руб.
",Металлическая мебель (Шкафы),4,35.0,35.0,10.0
Шкаф для газового баллона ПРАКТИК G-1,"
Под заказ
",Металлическая мебель (Шкафы),4,835.0,360.0,370.0
VALBERG DB-24,"
Под заказ
",Металлическая мебель (Шкафы),4,920.0,635.0,430.0
VALBERG DB-12,"
Под заказ
",Металлическая мебель (Шкафы),4,920.0,635.0,430.0
VALBERG DB-8.DGL,"
Под заказ
",Металлическая мебель (Шкафы),4,920.0,635.0,430.0
VALBERG DB-8,"
Под заказ
",Металлическая мебель (Шкафы),4,920.0,635.0,430.0
VALBERG DB-6/3S,"
Под заказ
",Металлическая мебель (Шкафы),4,920.0,635.0,430.0
VALBERG DB-6/3,"
Под заказ
",Металлическая мебель (Шкафы),4,920.0,635.0,430.0
VALBERG DB-6S,"
Под заказ
",Металлическая мебель (Шкафы),4,920.0,635.0,430.0
VALBERG DB-2 DGL,"
Под заказ
",Металлическая мебель (Шкафы),4,920.0,635.0,430.0
VALBERG DB-2,"
Под заказ
",Металлическая мебель (Шкафы),4,920.0,635.0,430.0
VALBERG DB-2S.DGL,"
 61 608 руб.
",Металлическая мебель (Шкафы),4,920.0,635.0,430.0
VALBERG DB-4 DGL,"
 65 790 руб.
",Металлическая мебель (Шкафы),4,920.0,635.0,430.0
VALBERG DB-4S.DGL,"
 77 622 руб.
",Металлическая мебель (Шкафы),4,920.0,635.0,430.0
VALBERG DB-6/3 DGL,"
 81 498 руб.
",Металлическая мебель (Шкафы),4,920.0,635.0,430.0
VALBERG DB-6 DGL,"
 82 110 руб.
",Металлическая мебель (Шкафы),4,920.0,635.0,430.0
VALBERG DB-4,"
 90 780 руб.
",Металлическая мебель (Шкафы),4,920.0,635.0,430.0
VALBERG DB-6/3S.DGL,"
 93 534 руб.
",Металлическая мебель (Шкафы),4,920.0,635.0,430.0
VALBERG DB-6S.DGL,"
 93 840 руб.
",Металлическая мебель (Шкафы),4,920.0,635.0,430.0
VALBERG DB-4S,"
 102 816 руб.
",Металлическая мебель (Шкафы),4,920.0,635.0,430.0
VALBERG DB-8S.DGL,"
 107 916 руб.
",Металлическая мебель (Шкафы),4,920.0,635.0,430.0
VALBERG DB-6,"
 118 830 руб.
",Металлическая мебель (Шкафы),4,920.0,635.0,430.0
VALBERG DB-12 DGL,"
 125 664 руб.
",Металлическая мебель (Шкафы),4,920.0,635.0,430.0
VALBERG DB-12S.DGL,"
 137 700 руб.
",Металлическая мебель (Шкафы),4,920.0,635.0,430.0
VALBERG DB-8S,"
 159 834 руб.
",Металлическая мебель (Шкафы),4,920.0,635.0,430.0
VALBERG DB-12S,"
 210 426 руб.
",Металлическая мебель (Шкафы),4,920.0,635.0,430.0
VALBERG DB-24 DGL,"
 214 608 руб.
",Металлическая мебель (Шкафы),4,920.0,635.0,430.0
VALBERG DB-24S DGL,"
 226 440 руб.
",Металлическая мебель (Шкафы),4,920.0,635.0,430.0
VALBERG DB-24S,"
 370 260 руб.
",Металлическая мебель (Шкафы),4,920.0,635.0,430.0
Индивидуальный шкаф кассира AMB-140/10,"
 19 390 руб.
",Металлическая мебель (Шкафы),4,1400.0,300.0,220.0
Абонентский шкаф ПРАКТИК AMB-180/60,"
 110 466 руб.
",Металлическая мебель (Шкафы),4,1803.0,600.0,373.0
Абонентский шкаф ПРАКТИК AMB-180/60D,"
 115 566 руб.
",Металлическая мебель (Шкафы),4,1803.0,600.0,373.0
Верстак MASTER №107 M100.MF1/MF1/MF1.000,"
Под заказ
",Производственная мебель,4,900,2000.0,500.0
Верстак MASTER (№105) MT100.MF1/MF1.201,"
Под заказ
",Производственная мебель,4,900,1000.0,500.0
Верстак MASTER (№104) MT100.MF1/MF1.101,"
Под заказ
",Производственная мебель,4,900,1000.0,500.0
Верстак MASTER (№103) MT100.MF1/MF1.100,"
Под заказ
",Производственная мебель,4,900,1000.0,500.0
Верстак MASTER (№102) M100.MF1/MF1.000,"
Под заказ
",Производственная мебель,4,900,1000.0,500.0
Верстак MASTER (№101) MT100.MF1/MF1.000,"
Под заказ
",Производственная мебель,4,900,1000.0,500.0
Верстак - ВП-6Т/1.6,"
Под заказ
",Производственная мебель,4,860,1600.0,685.0
Верстак ВП-3Т/1.6,"
Под заказ
",Производственная мебель,4,860,1600.0,685.0
Верстак - ВП-3Т/1.2,"
Под заказ
",Производственная мебель,4,860,1200.0,685.0
Верстак ВП-2/1.6,"
Под заказ
",Производственная мебель,4,860,1600.0,685.0
Верстак - ВП-2/1.2,"
Под заказ
",Производственная мебель,4,860,1200.0,685.0
Верстак Garage №112,"
 7 788 руб.
",Производственная мебель,4,920,1000.0,500.0
Верстак Garage №113,"
 9 445 руб.
",Производственная мебель,4,920,1000.0,500.0
Верстак Garage №114,"
 11 689 руб.
",Производственная мебель,4,1420,1010.0,500.0
Верстак - ВП-1,"
 15 197 руб.
",Производственная мебель,4,860,1000.0,685.0
Верстак ПРАКТИК PROFI (№201) WT120.WD1/F1.000,"
 22 491 руб.
",Производственная мебель,4,866,1200.0,700.0
Верстак ПРАКТИК PROFI (№400) WT140.WD1/F1.000,"
 25 051 руб.
",Производственная мебель,4,866,1400.0,700.0
Верстак ПРАКТИК PROFI (№ 202) WT120.WD5/F1.000,"
 32 717 руб.
",Производственная мебель,4,866,1200.0,700.0
Верстак ПРАКТИК PROFI (№602) WT160.WD1/WD1.000,"
 32 966 руб.
",Производственная мебель,4,866,1600.0,700.0
Верстак ПРАКТИК PROFI (№401) WT140.WD5/F1.000,"
 35 277 руб.
",Производственная мебель,4,866,1400.0,700.0
Верстак ПРАКТИК PROFI (№603) WT160.WD1/WD5.000,"
 43 192 руб.
",Производственная мебель,4,866,1600.0,700.0
Верстак ВП-4Т/1.6,"
 44 016 руб.
",Производственная мебель,4,860,1600.0,685.0
Верстак усиленный Expert (№606) WTH160.F2/F2.000,"
 46 864 руб.
",Производственная мебель,4,870,1600.0,700.0
Верстак усиленный Expert (№222) W200.F2/F2.011,"
 52 918 руб.
",Производственная мебель,4,1370,2000.0,700.0
Верстак ПРАКТИК PROFI (№604) WT160.WD5/WD5.000,"
 53 417 руб.
",Производственная мебель,4,866,1600.0,700.0
Верстак MASTER №107 M100.MF1/MF1/MF1.000,"
Под заказ
",Производственная мебель,4,900,2000.0,500.0
Верстак MASTER (№105) MT100.MF1/MF1.201,"
Под заказ
",Производственная мебель,4,900,1000.0,500.0
Верстак MASTER (№104) MT100.MF1/MF1.101,"
Под заказ
",Производственная мебель,4,900,1000.0,500.0
Верстак MASTER (№103) MT100.MF1/MF1.100,"
Под заказ
",Производственная мебель,4,900,1000.0,500.0
Верстак MASTER (№102) M100.MF1/MF1.000,"
Под заказ
",Производственная мебель,4,900,1000.0,500.0
Верстак MASTER (№101) MT100.MF1/MF1.000,"
Под заказ
",Производственная мебель,4,900,1000.0,500.0
Верстак - ВП-6Т/1.6,"
Под заказ
",Производственная мебель,4,860,1600.0,685.0
Верстак ВП-3Т/1.6,"
Под заказ
",Производственная мебель,4,860,1600.0,685.0
Верстак - ВП-3Т/1.2,"
Под заказ
",Производственная мебель,4,860,1200.0,685.0
Верстак ВП-2/1.6,"
Под заказ
",Производственная мебель,4,860,1600.0,685.0
Верстак - ВП-2/1.2,"
Под заказ
",Производственная мебель,4,860,1200.0,685.0
Верстак Garage №112,"
 7 788 руб.
",Производственная мебель,4,920,1000.0,500.0
Верстак Garage №113,"
 9 445 руб.
",Производственная мебель,4,920,1000.0,500.0
Верстак Garage №114,"
 11 689 руб.
",Производственная мебель,4,1420,1010.0,500.0
Верстак - ВП-1,"
 15 197 руб.
",Производственная мебель,4,860,1000.0,685.0
Верстак ПРАКТИК PROFI (№201) WT120.WD1/F1.000,"
 22 491 руб.
",Производственная мебель,4,866,1200.0,700.0
Верстак ПРАКТИК PROFI (№400) WT140.WD1/F1.000,"
 25 051 руб.
",Производственная мебель,4,866,1400.0,700.0
Верстак ПРАКТИК PROFI (№ 202) WT120.WD5/F1.000,"
 32 717 руб.
",Производственная мебель,4,866,1200.0,700.0
Верстак ПРАКТИК PROFI (№602) WT160.WD1/WD1.000,"
 32 966 руб.
",Производственная мебель,4,866,1600.0,700.0
Верстак ПРАКТИК PROFI (№401) WT140.WD5/F1.000,"
 35 277 руб.
",Производственная мебель,4,866,1400.0,700.0
Верстак ПРАКТИК PROFI (№603) WT160.WD1/WD5.000,"
 43 192 руб.
",Производственная мебель,4,866,1600.0,700.0
Верстак ВП-4Т/1.6,"
 44 016 руб.
",Производственная мебель,4,860,1600.0,685.0
Верстак усиленный Expert (№606) WTH160.F2/F2.000,"
 46 864 руб.
",Производственная мебель,4,870,1600.0,700.0
Верстак усиленный Expert (№222) W200.F2/F2.011,"
 52 918 руб.
",Производственная мебель,4,1370,2000.0,700.0
Верстак ПРАКТИК PROFI (№604) WT160.WD5/WD5.000,"
 53 417 руб.
",Производственная мебель,4,866,1600.0,700.0
Тумба инструментальная WS-1,"
Под заказ
",Производственная мебель,4,840,460.0,640.0
Тумба инструментальная WD-1,"
 10 787 руб.
",Производственная мебель,4,840,460.0,640.0
Тумба инструментальная WD-2,"
 15 173 руб.
",Производственная мебель,4,840,460.0,640.0
Тумба инструментальная WD-5,"
 21 012 руб.
",Производственная мебель,4,840,460.0,640.0
Тумба инструментальная WS-6,"
 66 805 руб.
",Производственная мебель,4,840,460.0,640.0
Тележка инструментальная GARAGE BIG,"
Под заказ
",Производственная мебель,4,1930,722.0,515.0
Тележка инструментальная WDS-6.0,"
Под заказ
",Производственная мебель,4,905,860.0,540.0
Тележка инструментальная WDS-9.0,"
Под заказ
",Производственная мебель,4,905,860.0,540.0
Тележка инструментальная WDS-0,"
 13 770 руб.
",Производственная мебель,4,868,821.0,457.0
Тележка инструментальная WDS HARD,"
 26 183 руб.
",Производственная мебель,4,820,820.0,450.0
Тележка инструментальная WDS-4,"
 29 937 руб.
",Производственная мебель,4,820,820.0,518.0
Тележка инструментальная WDS-5,"
 31 416 руб.
",Производственная мебель,4,868,821.0,453.0
Тележка инструментальная WDS-3.0,"
 47 119 руб.
",Производственная мебель,4,905,860.0,540.0
Тележка инструментальная WDS-5.0,"
 53 851 руб.
",Производственная мебель,4,905,860.0,540.0
Перфорированный экран Э -1.9,"
Под заказ
",Производственная мебель,4,500,1900.0,40.0
Держатель для ключей ПАКС,"
 171 руб.
",Производственная мебель,4,250,80.0,25.0
Держатель для инструмента ПАКС,"
 192 руб.
",Производственная мебель,4,80,315.0,25.0
Крючок НК,"
 214 руб.
",Производственная мебель,4,,,
Полка YK ПАКС,"
 218 руб.
",Производственная мебель,4,155,280.0,25.0
Полка для баллончиков ScSh,"
 408 руб.
",Производственная мебель,4,70,270.0,70.0
Держатель ключей WH,"
 408 руб.
",Производственная мебель,4,250,70.0,120.0
Полка YD ПАКС,"
 419 руб.
",Производственная мебель,4,155,583.0,25.0
Полка малая SSh,"
 469 руб.
",Производственная мебель,4,136,270.0,70.0
Полка большая LSh,"
 612 руб.
",Производственная мебель,4,30,580.0,120.0
Лоток-держатель А4,"
 643 руб.
",Производственная мебель,4,300,200.0,60.0
Держатель для полотенец,"
 816 руб.
",Производственная мебель,4,360,92.0,126.0
Экран WS-120 без косынок,"
 3 055 руб.
",Производственная мебель,4,500,1200.0,240.0
Перфорированный экран Э -1.4,"
 3 158 руб.
",Производственная мебель,4,500,1000.0,40.0
Экран WS-140 без косынок,"
 3 330 руб.
",Производственная мебель,4,500,1400.0,240.0
Экран WS-160 без косынок,"
 3 840 руб.
",Производственная мебель,4,500,1600.0,240.0
Экран WS-180 без косынок,"
 4 299 руб.
",Производственная мебель,4,500,1800.0,240.0
Блок электророзеток,"
 5 375 руб.
",Производственная мебель,4,105,265.0,60.0
Шкаф инструментальный TC-1947-000200ГК,"
 20 660 руб.
",Производственная мебель,4,1900,475.0,500.0
Шкаф инструментальный TC-1947-000400,"
 22 415 руб.
",Производственная мебель,4,1900,475.0,500.0
Шкаф инструментальный TC-1947-020300,"
 23 113 руб.
",Производственная мебель,4,1900,475.0,500.0
Шкаф инструментальный TC-1947-000201ГК,"
 25 143 руб.
",Производственная мебель,4,1900,475.0,500.0
Шкаф инструментальный TC-1947-020301,"
 27 596 руб.
",Производственная мебель,4,1900,475.0,500.0
Шкаф инструментальный TC-1947-000402,"
 28 560 руб.
",Производственная мебель,4,1900,475.0,500.0
Шкаф инструментальный TC-1947-000202ГК,"
 29 626 руб.
",Производственная мебель,4,1900,475.0,500.0
Шкаф инструментальный TC-1947-020202,"
 30 962 руб.
",Производственная мебель,4,1900,475.0,500.0
Шкаф инструментальный TC-1947-000305,"
 43 712 руб.
",Производственная мебель,4,1900,475.0,500.0
Шкаф инструментальный TC-1095,"
Под заказ
",Производственная мебель,4,1000,950.0,500.0
Шкаф инструментальный ТС 1095-002000,"
 23 883 руб.
",Производственная мебель,4,1000,950.0,500.0
Шкаф инструментальный ТС 1095-001010,"
 29 045 руб.
",Производственная мебель,4,1000,950.0,500.0
Шкаф инструментальный ТС 1095-021010,"
 31 564 руб.
",Производственная мебель,4,1000,950.0,500.0
Шкаф инструментальный ТС 1095-100302,"
 34 746 руб.
",Производственная мебель,4,1000,950.0,500.0
Шкаф инструментальный TC-1995/2-102200,"
 37 332 руб.
",Производственная мебель,4,1900,950.0,500.0
Шкаф инструментальный TС 1095-021020,"
 38 852 руб.
",Производственная мебель,4,1000,950.0,500.0
Шкаф инструментальный TC-1995/2-102400,"
 41 249 руб.
",Производственная мебель,4,1900,950.0,500.0
Шкаф инструментальный ТС 1095-001030,"
 43 620 руб.
",Производственная мебель,4,1000,950.0,500.0
Шкаф инструментальный TC-1995/2-024010,"
 46 359 руб.
",Производственная мебель,4,1900,950.0,500.0
Шкаф инструментальный ТС 1095-100206,"
 51 561 руб.
",Производственная мебель,4,1000,950.0,500.0
Шкаф инструментальный TC-1995/2-102206,"
 64 229 руб.
",Производственная мебель,4,1900,950.0,500.0
Шкаф инструментальный TC-1995/2- 022050,"
 64 821 руб.
",Производственная мебель,4,1900,950.0,500.0
Шкаф инструментальный TC-1995/2-102215,"
 68 717 руб.
",Производственная мебель,4,1900,950.0,500.0
Шкаф инструментальный TC-1995/2-121215,"
 69 110 руб.
",Производственная мебель,4,1900,950.0,500.0
Шкаф инструментальный TC-1995/2-1020010,"
 81 610 руб.
",Производственная мебель,4,1900,950.0,500.0
Шкаф инструментальный TC-1995/2-1220110,"
 91 418 руб.
",Производственная мебель,4,1900,950.0,500.0
Шкаф инструментальный ТС 1995-023000,"
 38 648 руб.
",Производственная мебель,4,1900,950.0,500.0
Шкаф инструментальный ТС 1995-120402,"
 50 184 руб.
",Производственная мебель,4,1900,950.0,500.0
Шкаф инструментальный TC 1995-004020,"
 51 128 руб.
",Производственная мебель,4,1900,950.0,500.0
Шкаф инструментальный TC 1995-042020,"
 51 913 руб.
",Производственная мебель,4,1900,950.0,500.0
Шкаф инструментальный ТС 1995-023020,"
 53 224 руб.
",Производственная мебель,4,1900,950.0,500.0
Шкаф инструментальный TC 1995-041030,"
 57 074 руб.
",Производственная мебель,4,1900,950.0,500.0
Шкаф инструментальный ТС 1995-120604,"
 61 384 руб.
",Производственная мебель,4,1900,950.0,500.0
Шкаф инструментальный TC 1995-041040,"
 64 362 руб.
",Производственная мебель,4,1900,950.0,500.0
Шкаф инструментальный ТС 1995-121215,"
 70 814 руб.
",Производственная мебель,4,1900,950.0,500.0
Инструментальный шкаф тяжелый AMH TC-004000,"
 94 529 руб.
",Производственная мебель,4,920,1850.0,460.0
Инструментальный шкаф тяжелый AMH TC-062000,"
 97 665 руб.
",Производственная мебель,4,920,1850.0,460.0
Инструментальный шкаф тяжелый AMH TC-004010,"
 101 949 руб.
",Производственная мебель,4,920,1850.0,460.0
Инструментальный шкаф тяжелый AMH TC-005020,"
 113 730 руб.
",Производственная мебель,4,920,1850.0,460.0
Инструментальный шкаф тяжелый AMH TC-062030,"
 119 927 руб.
",Производственная мебель,4,920,1850.0,460.0
Инструментальный шкаф тяжелый AMH TC-062032,"
 133 748 руб.
",Производственная мебель,4,920,1850.0,460.0
